{"cameraMode":{"drawMode":0,"name":"Shaded","section":"Shading Mode"},"sceneLighting":true,"audioPlay":false,"sceneViewState":{"showFog":true,"showMaterialUpdate":false,"showSkybox":true,"showFlares":true,"showImageEffects":true,"showParticleSystems":true},"in2DMode":false,"pivot":{"x":5.15301513671875,"y":18.09765625,"z":-16.796875},"rotation":{"x":0.49287694692611697,"y":-0.003915415611118078,"z":0.0022180136293172838,"w":0.8700892925262451},"size":36.654319763183597,"orthographic":true}